ID,longitude,latitude,time
path1,73.02695935,33.7133552,8.00.00 AM
path1,73.02777179,33.71369895,8.00.20 AM
path1,73.02817715,33.71415546,8.00.40 AM
path1,73.0291295,33.71455537,8.01.00 AM
path1,73.03029661,33.71517753,8.01.20 AM
path1,73.03111962,33.71574366,8.01.40 AM
path1,73.03187365,33.71613947,8.02.00 AM
path1,73.03331038,33.71664866,8.02.20 AM
path1,73.03419741,33.71721705,8.02.40 AM
path1,73.03535962,33.71772675,8.03.00 AM
path1,73.03631718,33.71834939,8.03.20 AM
path1,73.0372724,33.71880427,8.03.40 AM
path1,73.03836261,33.71943207,8.04.00 AM
path1,73.03952104,33.7200611,8.04.20 AM
path1,73.04033951,33.72034764,8.04.40 AM
path1,73.04149915,33.72086347,8.05.00 AM
path1,73.04259114,33.72149326,8.05.20 AM
path1,73.04368464,33.72189224,8.05.40 AM
path1,73.04450524,33.72160687,8.06.00 AM
path1,73.04505183,33.72092636,8.06.20 AM
path1,73.04532522,33.72024453,8.06.40 AM
path1,73.04587234,33.71944699,8.07.00 AM
path1,73.0462826,33.71887748,8.07.20 AM
path1,73.04717125,33.71802279,8.07.40 AM
path1,73.04771794,33.71728255,8.08.00 AM
path1,73.04840104,33.71642677,8.08.20 AM
path1,73.04956214,33.71546018,8.08.40 AM
path1,73.05031282,33.71449256,8.09.00 AM
path1,73.05065383,33.71363955,8.09.20 AM
path1,73.05126714,33.71284208,8.09.40 AM
path1,73.0517439,33.7121592,8.10.00 AM
path1,73.05208434,33.71142049,8.10.20 AM
path1,73.05269846,33.71062611,8.10.40 AM
path1,73.05344861,33.70977463,8.11.00 AM
path1,73.05420044,33.7097755,8.11.20 AM
path1,73.05501956,33.70994587,8.11.40 AM
path1,73.05611208,33.71051359,8.12.00 AM
path1,73.05734796,33.71108554,8.12.20 AM
path1,73.05810409,33.71177004,8.12.40 AM
path1,73.0592023,33.71211378,8.13.00 AM
path1,73.06009012,33.71256789,8.13.20 AM
path1,73.06084061,33.71290796,8.13.40 AM
path1,73.06173225,33.71364853,8.14.00 AM
path1,73.06310585,33.7142205,8.14.20 AM
path1,73.06393134,33.71490558,8.14.40 AM
path1,73.06509627,33.71530466,8.15.00 AM
path1,73.0659169,33.71570249,8.15.20 AM
path1,73.0675,33.71661795,8.15.40 AM
path1,73.06866559,33.71724478,8.16.00 AM
path1,73.06968202,33.71758016,8.16.20 AM
path1,73.07049716,33.71791801,8.16.40 AM
path1,73.07068878,33.71694418,8.17.00 AM
path1,73.07000051,33.71614625,8.17.20 AM
path1,73.06891933,33.71615291,8.17.40 AM
path1,73.06816708,33.71564131,8.18.00 AM
path1,73.06700001,33.71490008,8.18.20 AM
path1,73.06611143,33.71444552,8.18.40 AM
path1,73.0651572,33.71382184,8.19.00 AM
path1,73.06427041,33.7133682,8.19.20 AM
path1,73.06344338,33.71256915,8.19.40 AM
path1,73.06241212,33.71228232,8.20.00 AM
path1,73.06172324,33.71193885,8.20.20 AM
path1,73.06048684,33.71119733,8.20.40 AM
path1,73.05946124,33.71096972,8.21.00 AM
path1,73.05870914,33.71051507,8.21.20 AM
path1,73.05768441,33.70989039,8.21.40 AM
path1,73.05686499,33.70937946,8.22.00 AM
path1,73.05604316,33.70881077,8.22.20 AM
path1,73.05597404,33.70818615,8.22.40 AM
path1,73.05651951,33.70812918,8.23.00 AM
path1,73.05570016,33.70778865,8.23.20 AM
path1,73.05569934,33.70705082,8.23.40 AM
path1,73.05624371,33.70653991,8.24.00 AM
path1,73.05678667,33.7058589,8.24.20 AM
path1,73.05739743,33.70529169,8.24.40 AM
path1,73.05787216,33.70444138,8.25.00 AM
path1,73.05828125,33.70370438,8.25.20 AM
path1,73.0590321,33.70296715,8.25.40 AM
path1,73.05964274,33.70217412,8.26.00 AM
path1,73.06039329,33.7018336,8.26.20 AM
path1,73.06127219,33.70115541,8.26.40 AM
path1,73.06228926,33.70098657,8.27.00 AM
path1,73.06311383,33.70132429,8.27.20 AM
path1,73.06387479,33.70183187,8.27.40 AM
path1,73.06484196,33.70228315,8.28.00 AM
path1,73.06552504,33.70302069,8.28.20 AM
path1,73.06648214,33.70358781,8.28.40 AM
path1,73.06675246,33.70438243,8.29.00 AM
path1,73.06675202,33.70506337,8.29.20 AM
path2,73.03070418,33.71716748,7:50:00 AM
path2,73.03146111,33.71642529,7:50:20 AM
path2,73.03180623,33.71568459,7:50:40 AM
path2,73.03098603,33.71511709,7:51:00 AM
path2,73.0298164,33.71483769,7:51:20 AM
path2,73.02878659,33.7144991,7:51:40 AM
path2,73.02783792,33.71415435,7:52:00 AM
path2,73.02729791,33.71346995,7:52:20 AM
path2,73.02737004,33.71250316,7:52:40 AM
path2,73.02798296,33.71193598,7:53:00 AM
path2,73.02838698,33.71108598,7:53:20 AM
path2,73.02866341,33.70994915,7:53:40 AM
path2,73.02956041,33.70858447,7:54:00 AM
path2,73.03038755,33.70756165,7:54:20 AM
path2,73.03184116,33.70653869,7:54:40 AM
path2,73.03232233,33.70568858,7:55:00 AM
path2,73.03314174,33.70466895,7:55:20 AM
path2,73.03375581,33.70393268,7:55:40 AM
path2,73.03450534,33.70336635,7:56:00 AM
path2,73.03484813,33.70251722,7:56:20 AM
path2,73.03580273,33.70155492,7:56:40 AM
path2,73.0358741,33.70053693,7:57:00 AM
path2,73.03608015,33.6992924,7:57:20 AM
path2,73.03601355,33.6982744,7:57:40 AM
path2,73.0352682,33.69759709,7:58:00 AM
path2,73.03404129,33.69753904,7:58:20 AM
path2,73.03342621,33.69702807,7:58:40 AM
path2,73.0328114,33.69663042,7:59:00 AM
path2,73.03171644,33.69560765,7:59:20 AM
path2,73.03083328,33.69498574,7:59:40 AM
path2,73.02989763,33.69459961,8:00:00 AM
path2,73.02888756,33.69415281,8:00:20 AM
path2,73.02787827,33.69348024,8:00:40 AM
path2,73.02692788,33.693311,8:01:00 AM
path2,73.02664906,33.69387236,8:01:20 AM
path2,73.02637268,33.69449189,8:01:40 AM
path2,73.02547887,33.69499602,8:02:00 AM
path2,73.02493335,33.69573076,8:02:20 AM
path2,73.02438862,33.69657906,8:02:40 AM
path2,73.02391226,33.69725779,8:03:00 AM
path2,73.0235697,33.69804904,8:03:20 AM
path2,73.02275313,33.69867121,8:03:40 AM
path2,73.02274828,33.69963198,8:04:00 AM
path2,73.02274423,33.70048001,8:04:20 AM
path2,73.02321109,33.70098785,8:04:40 AM
path2,73.02449133,33.7009857,8:05:00 AM
path2,73.02570471,33.70098346,8:05:20 AM
path2,73.02651694,33.70154944,8:05:40 AM
path2,73.02753519,33.7021159,8:06:00 AM
path2,73.02760661,33.70308031,8:06:20 AM
path2,73.02706914,33.70387455,8:06:40 AM
path2,73.02821973,33.70410095,8:07:00 AM
path2,73.02923081,33.70421384,8:07:20 AM
path2,73.02984158,33.70512166,8:07:40 AM
path2,73.02997424,33.705973,8:08:00 AM
path2,73.02936078,33.70654043,8:08:20 AM
path2,73.02855194,33.70705015,8:08:40 AM
path2,73.02921821,33.70756273,8:09:00 AM
path2,73.03011207,33.70778897,8:09:20 AM
path2,73.0312811,33.70801455,8:09:40 AM
path2,73.03251404,33.70824047,8:10:00 AM
path2,73.03354004,33.70886337,8:10:20 AM
path2,73.03449337,33.70943058,8:10:40 AM
path2,73.03577885,33.71000142,8:11:00 AM
path2,73.03659898,33.71028447,8:11:20 AM
path2,73.03823881,33.71068004,8:11:40 AM
path2,73.03912431,33.71124787,8:12:00 AM
path2,73.03973697,33.71187272,8:12:20 AM
path2,73.04041722,33.71261204,8:12:40 AM
path2,73.04021059,33.71346523,8:13:00 AM
path2,73.03959493,33.71414778,8:13:20 AM
path2,73.03918509,33.71482928,8:13:40 AM
path2,73.03891199,33.71556725,8:14:00 AM
path2,73.03829758,33.71664578,8:14:20 AM
path2,73.03761569,33.71732598,8:14:40 AM
path2,73.03713625,33.71829288,8:15:00 AM
path2,73.03706813,33.71908739,8:15:20 AM
path2,73.03788514,33.71943125,8:15:40 AM
path2,73.03952095,33.72011806,8:16:00 AM
path2,73.04108976,33.72091874,8:16:20 AM
path2,73.04265951,33.72166375,8:16:40 AM
path2,73.04354801,33.72211922,8:17:00 AM
path2,73.04429969,33.72268946,8:17:20 AM
path2,73.04518804,33.72309072,8:17:40 AM
path2,73.0465554,33.72360775,8:18:00 AM
path2,73.04737629,33.72383341,8:18:20 AM
path2,73.04833391,33.72428895,8:18:40 AM
path2,73.04812867,33.72371991,8:19:00 AM
path2,73.04819689,33.72280685,8:19:20 AM
path2,73.04847043,33.72212427,8:19:40 AM
path2,73.04922221,33.72115363,8:20:00 AM
path2,73.05017778,33.71966689,8:20:20 AM
path2,73.05086175,33.71876119,8:20:40 AM
path2,73.05140806,33.71796455,8:21:00 AM
path2,73.05174843,33.71727892,8:21:20 AM
path2,73.0510649,33.71665282,8:21:40 AM
path2,73.0500402,33.71608447,8:22:00 AM
path2,73.04908389,33.71568658,8:22:20 AM
path2,73.04922004,33.71494581,8:22:40 AM
path2,73.04976613,33.71432051,8:23:00 AM
path2,73.05031246,33.71375324,8:23:20 AM
path2,73.05099451,33.71307013,8:23:40 AM
path2,73.05167574,33.71221609,8:24:00 AM
path2,73.05269882,33.71136402,8:24:20 AM
path2,73.05372285,33.71034314,8:24:40 AM
path2,73.05467825,33.71022958,8:25:00 AM
path2,73.05556559,33.70971887,8:25:20 AM
path2,73.05529151,33.70875361,8:25:40 AM
path2,73.05467682,33.70795902,8:26:00 AM
path2,73.05392474,33.70739113,8:26:20 AM
path2,73.05289991,33.70688011,8:26:40 AM
path2,73.05214954,33.7064831,8:27:00 AM
path2,73.05085357,33.70608609,8:27:20 AM
path2,73.04976279,33.7056893,8:27:40 AM
path2,73.04880816,33.70523569,8:28:00 AM
path2,73.04833108,33.70546259,8:28:20 AM
path2,73.04874013,33.70631313,8:28:40 AM
path2,73.04969502,33.7068804,8:29:00 AM
path2,73.04901302,33.70722063,8:29:20 AM
path2,73.04961731,33.70760566,8:29:40 AM
path2,73.05037918,33.70794679,8:30:00 AM
path2,73.04988935,33.7082272,8:30:20 AM
path2,73.04918123,33.70772524,8:30:40 AM
path2,73.04826283,33.70733389,8:31:00 AM
path2,73.04737637,33.70688086,8:31:20 AM
path2,73.04614816,33.70637066,8:31:40 AM
path2,73.04546655,33.70608669,8:32:00 AM
path2,73.04437661,33.70574613,8:32:20 AM
path2,73.0430151,33.70529253,8:32:40 AM
path2,73.04158473,33.70449908,8:33:00 AM
path2,73.04069944,33.70370579,8:33:20 AM
path2,73.04022298,33.70262927,8:33:40 AM
path2,73.04097361,33.70200655,8:34:00 AM
path2,73.04220107,33.7019507,8:34:20 AM
path2,73.04335745,33.70206304,8:34:40 AM
path2,73.0445816,33.70291139,8:35:00 AM
path2,73.04580814,33.70336445,8:35:20 AM
path2,73.04676303,33.70302517,8:35:40 AM
path2,73.04717201,33.70228901,8:36:00 AM
path2,73.04737644,33.70155244,8:36:20 AM
path2,73.04771705,33.70076025,8:36:40 AM
path3,73.08856754,33.71158108,8:15:00 AM
path3,73.08879899,33.71100925,8:15:20 AM
path3,73.08879868,33.71081748,8:15:40 AM
path3,73.08937468,33.71024411,8:16:00 AM
path3,73.08972003,33.70967007,8:16:20 AM
path3,73.08983515,33.70947874,8:16:40 AM
path3,73.09041156,33.70909709,8:17:00 AM
path3,73.09075695,33.70852303,8:17:20 AM
path3,73.09087195,33.70823583,8:17:40 AM
path3,73.09098681,33.7078528,8:18:00 AM
path3,73.09098586,33.70718195,8:18:20 AM
path3,73.09075453,33.70679801,8:18:40 AM
path3,73.09063901,33.70670188,8:19:00 AM
path3,73.08971463,33.70631519,8:19:20 AM
path3,73.08948369,33.70631427,8:19:40 AM
path3,73.088906,33.70612019,8:20:00 AM
path3,73.08832939,33.70592735,8:20:20 AM
path3,73.08763868,33.70573582,8:20:40 AM
path3,73.08717811,33.70554421,8:21:00 AM
path3,73.08614127,33.70515997,8:21:20 AM
path3,73.0857957,33.70496821,8:21:40 AM
path3,73.08521774,33.70467727,8:22:00 AM
path3,73.08475541,33.70438706,8:22:20 AM
path3,73.08417826,33.70428807,8:22:40 AM
path3,73.08394753,33.70428682,8:23:00 AM
path3,73.08314003,33.70418662,8:23:20 AM
path3,73.08256366,33.70418358,8:23:40 AM
path3,73.08221845,33.70427829,8:24:00 AM
path3,73.08164353,33.70446879,8:24:20 AM
path3,73.08129996,33.70485332,8:24:40 AM
path3,73.08072575,33.70523626,8:25:00 AM
path3,73.08026716,33.70581193,8:25:20 AM
path3,73.07992228,33.70600266,8:25:40 AM
path3,73.07934791,33.70648136,8:26:00 AM
path3,73.0786581,33.70695818,8:26:20 AM
path3,73.07819958,33.70763075,8:26:40 AM
path3,73.07797044,33.70801549,8:27:00 AM
path3,73.0775117,33.70868837,8:27:20 AM
path3,73.0772818,33.70887961,8:27:40 AM
path3,73.07647726,33.70954943,8:28:00 AM
path3,73.07555825,33.71022281,8:28:20 AM
path3,73.07532916,33.71070644,8:28:40 AM
path3,73.07510004,33.71128591,8:29:00 AM
path3,73.07464006,33.71176449,8:29:20 AM
path3,73.07418016,33.71233936,8:29:40 AM
path3,73.07383524,33.71281851,8:30:00 AM
path3,73.0734903,33.71329768,8:30:20 AM
path3,73.07326037,33.71368112,8:30:40 AM
path3,73.07303052,33.71425653,8:31:00 AM
path3,73.07268561,33.71492775,8:31:20 AM
path3,73.07222543,33.71511977,8:31:40 AM
path3,73.07188033,33.71531691,8:32:00 AM
path3,73.07107486,33.71569535,8:32:20 AM
path3,73.07049954,33.71579098,8:32:40 AM
path3,73.07015433,33.7157912,8:33:00 AM
path3,73.06957874,33.71569826,8:33:20 AM
path3,73.06911816,33.7156054,8:33:40 AM
path3,73.06831199,33.71532255,8:34:00 AM
path3,73.06785124,33.7151334,8:34:20 AM
path3,73.06739046,33.71484799,8:34:40 AM
path3,73.06635333,33.71456658,8:35:00 AM
path3,73.06577701,33.71437811,8:35:20 AM
path3,73.0648557,33.71409103,8:35:40 AM
path3,73.06474072,33.71409031,8:36:00 AM
path3,73.06416453,33.71390043,8:36:20 AM
path3,73.06347294,33.71390298,8:36:40 AM
path3,73.06278319,33.71370721,8:37:00 AM
path3,73.0622086,33.71351201,8:37:20 AM
path3,73.0617491,33.71331735,8:37:40 AM
path3,73.06105877,33.71293327,8:38:00 AM
path3,73.06059732,33.71255282,8:38:20 AM
path3,73.06025223,33.71236054,8:38:40 AM
path3,73.05956325,33.7119734,8:39:00 AM
path3,73.05922019,33.71168104,8:39:20 AM
path3,73.05887849,33.71129048,8:39:40 AM
path3,73.05865044,33.71109475,8:40:00 AM
path3,73.05830688,33.71080459,8:40:20 AM
path3,73.05773138,33.71042274,8:40:40 AM
path3,73.05727111,33.71013605,8:41:00 AM
path3,73.05692721,33.71003835,8:41:20 AM
path3,73.05646964,33.70965151,8:41:40 AM
path3,73.05601182,33.70926544,8:42:00 AM
path3,73.05555352,33.70907169,8:42:20 AM
path3,73.05497781,33.7089775,8:42:40 AM
path3,73.05440279,33.70869092,8:43:00 AM
path3,73.05382938,33.70868895,8:43:20 AM
path3,73.0533707,33.70849618,8:43:40 AM
path3,73.05279681,33.70830388,8:44:00 AM
path3,73.05187855,33.70801552,8:44:20 AM
path3,73.05119002,33.70772748,8:44:40 AM
path3,73.05084546,33.70772723,8:45:00 AM
path3,73.05050135,33.7075353,8:45:20 AM
path3,73.04992461,33.70744208,8:45:40 AM
path3,73.04923676,33.70715347,8:46:00 AM
path3,73.04877651,33.70686729,8:46:20 AM
path3,73.04854639,33.70658079,8:46:40 AM
path3,73.04808639,33.70629435,8:47:00 AM
path3,73.04751155,33.70610339,8:47:20 AM
path3,73.04716577,33.70600867,8:47:40 AM
path3,73.04658873,33.70591519,8:48:00 AM
path3,73.04601158,33.7058217,8:48:20 AM
path3,73.04532448,33.70581948,8:48:40 AM
path3,73.04486744,33.70581722,8:49:00 AM
path3,73.04441035,33.70591065,8:49:20 AM
path3,73.04418184,33.70610072,8:49:40 AM
path3,73.04384096,33.70667095,8:50:00 AM
path3,73.04361268,33.70705192,8:50:20 AM
path3,73.04361018,33.70743628,8:50:40 AM
path3,73.0434925,33.70782092,8:51:00 AM
path3,73.04348998,33.70820542,8:51:20 AM
path3,73.04348809,33.70849384,8:51:40 AM
path3,73.04348494,33.70897463,8:52:00 AM
path3,73.0433672,33.70935956,8:52:20 AM
path3,73.04336531,33.70964814,8:52:40 AM
path3,73.04336151,33.71022541,8:53:00 AM
path3,73.04312847,33.71061082,8:53:20 AM
path3,73.04266614,33.71080429,8:53:40 AM
path3,73.04231825,33.71109391,8:54:00 AM
path3,73.04208817,33.7113809,8:54:20 AM
path3,73.04197177,33.71176483,8:54:40 AM
path3,73.0412823,33.71205115,8:55:00 AM
path3,73.04070664,33.71243425,8:55:20 AM
path3,73.04013144,33.71300824,8:55:40 AM
path3,73.03978669,33.71339053,8:56:00 AM
path3,73.03932691,33.71377284,8:56:20 AM
path3,73.0385221,33.71425072,8:56:40 AM
path3,73.03806233,33.714633,8:57:00 AM
path3,73.03760266,33.71511082,8:57:20 AM
path3,73.03725978,33.71539572,8:57:40 AM
path3,73.03703052,33.71549063,8:58:00 AM
path3,73.03610853,33.71587484,8:58:20 AM
path3,73.03541342,33.71597489,8:58:40 AM
path3,73.03506777,33.716071,8:59:00 AM
path3,73.03449171,33.71607172,8:59:20 AM
path3,73.03403084,33.71607229,8:59:40 AM
path3,73.03356995,33.71607286,9:00:00 AM
path3,73.03311015,33.71597684,9:00:20 AM
path3,73.03230602,33.71568882,9:00:40 AM
path3,73.03184737,33.71530494,9:01:00 AM
path3,73.03092039,33.71492738,9:01:20 AM
path3,73.03011018,33.71473957,9:01:40 AM
path3,73.02908468,33.71454075,9:02:00 AM
path3,73.02862776,33.71444272,9:02:20 AM
path3,73.02748041,33.71424923,9:02:40 AM
path3,73.02702039,33.71424911,9:03:00 AM
path3,73.0263297,33.71424939,9:03:20 AM
path3,73.02575542,33.71444004,9:03:40 AM
path3,73.02552571,33.71463103,9:04:00 AM
path4,73.02885925,33.67564206,9:00:00 AM
path4,73.02852163,33.67634071,9:00:20 AM
path4,73.02767804,33.67731868,9:00:40 AM
path4,73.02666543,33.67815687,9:01:00 AM
path4,73.02564968,33.67913474,9:01:20 AM
path4,73.02497156,33.68053267,9:01:40 AM
path4,73.02462817,33.68109167,9:02:00 AM
path4,73.02378078,33.68207049,9:02:20 AM
path4,73.02310475,33.68249,9:02:40 AM
path4,73.02259706,33.6829096,9:03:00 AM
path4,73.02175252,33.68360904,9:03:20 AM
path4,73.02108166,33.68472826,9:03:40 AM
path4,73.02091338,33.68500806,9:04:00 AM
path4,73.02007419,33.68584734,9:04:20 AM
path4,73.01956356,33.68668708,9:04:40 AM
path4,73.01939149,33.68724702,9:05:00 AM
path4,73.01888425,33.68780688,9:05:20 AM
path4,73.01820581,33.68878686,9:05:40 AM
path4,73.01786409,33.68948716,9:06:00 AM
path4,73.01802801,33.68990763,9:06:20 AM
path4,73.01853188,33.68990785,9:06:40 AM
path4,73.01953923,33.69004835,9:07:00 AM
path4,73.02054398,33.69032924,9:07:20 AM
path4,73.02205472,33.69089004,9:07:40 AM
path4,73.0227268,33.69117037,9:08:00 AM
path4,73.02339959,33.69131058,9:08:20 AM
path4,73.02407173,33.69159093,9:08:40 AM
path4,73.02559012,33.69201058,9:09:00 AM
path4,73.02742226,33.69271496,9:09:20 AM
path4,73.02909627,33.69313767,9:09:40 AM
path4,73.02960026,33.69327816,9:10:00 AM
path4,73.03093824,33.69356092,9:10:20 AM
path4,73.03160715,33.69370243,9:10:40 AM
path4,73.03295227,33.69398369,9:11:00 AM
path4,73.03379865,33.69412285,9:11:20 AM
path4,73.03498997,33.69467992,9:11:40 AM
path4,73.0358275,33.69538215,9:12:00 AM
path4,73.03650323,33.69594203,9:12:20 AM
path4,73.03700798,33.69636268,9:12:40 AM
path4,73.03751514,33.6969225,9:13:00 AM
path4,73.03751205,33.69748427,9:13:20 AM
path4,73.03717087,33.69818685,9:13:40 AM
path4,73.03615661,33.69902904,9:14:00 AM
path4,73.03531336,33.69987025,9:14:20 AM
path4,73.03531273,33.70029104,9:14:40 AM
path4,73.03480474,33.70113317,9:15:00 AM
path4,73.03463309,33.70155521,9:15:20 AM
path4,73.03429313,33.7021174,9:15:40 AM
path4,73.03395564,33.70295873,9:16:00 AM
path4,73.03311187,33.70408072,9:16:20 AM
path4,73.03226642,33.70506345,9:16:40 AM
path4,73.03140843,33.70619358,9:17:00 AM
path4,73.03089136,33.7070416,9:17:20 AM
path4,73.03071791,33.7076056,9:17:40 AM
path4,73.03038115,33.70830672,9:18:00 AM
path4,73.03022051,33.70928375,9:18:20 AM
path4,73.03005035,33.7097055,9:18:40 AM
path4,73.02987928,33.71026815,9:19:00 AM
path4,73.02953742,33.71125312,9:19:20 AM
path4,73.02869328,33.71195489,9:19:40 AM
path4,73.02869196,33.71209609,9:20:00 AM
path4,73.02784503,33.71279973,9:20:20 AM
path4,73.02716799,33.71364295,9:20:40 AM
path4,73.02666059,33.71406463,9:21:00 AM
path4,73.02632143,33.71476736,9:21:20 AM
path4,73.02699541,33.71490856,9:21:40 AM
path4,73.02783845,33.71490928,9:22:00 AM
path4,73.02868142,33.71491005,9:22:20 AM
path4,73.03002349,33.71505687,9:22:40 AM
path4,73.03121102,33.71533303,9:23:00 AM
path4,73.03155052,33.71561221,9:23:20 AM
path4,73.03239415,33.71589322,9:23:40 AM
path4,73.03306852,33.71617464,9:24:00 AM
path4,73.03357502,33.7165956,9:24:20 AM
path4,73.03425081,33.71687577,9:24:40 AM
path4,73.03526616,33.71757505,9:25:00 AM
path4,73.036112,33.71799419,9:25:20 AM
path4,73.03746213,33.71855556,9:25:40 AM
path4,73.03763071,33.71869609,9:26:00 AM
path4,73.0388098,33.71926002,9:26:20 AM
path4,73.03931435,33.71954277,9:26:40 AM
path4,73.0401555,33.71996717,9:27:00 AM
path4,73.04099714,33.72025086,9:27:20 AM
path4,73.04183838,33.72081611,9:27:40 AM
path4,73.04234354,33.72109871,9:28:00 AM
path4,73.04301622,33.72152355,9:28:20 AM
path4,73.04386047,33.72180449,9:28:40 AM
path4,73.04436499,33.72236904,9:29:00 AM
path4,73.0440275,33.72264978,9:29:20 AM
path4,73.04352022,33.72321232,9:29:40 AM
path4,73.04267358,33.72405808,9:30:00 AM
path4,73.04182866,33.72462043,9:30:20 AM
path4,73.04115522,33.7248983,9:30:40 AM
path4,73.04081867,33.72517744,9:31:00 AM
path4,73.04030833,33.72644638,9:31:20 AM
path4,73.03997084,33.72686723,9:31:40 AM
path4,73.03963146,33.7275716,9:32:00 AM
path4,73.03929092,33.72827759,9:32:20 AM
path4,73.03861831,33.72855418,9:32:40 AM
path4,73.03777843,33.72840737,9:33:00 AM
path4,73.03710322,33.72840681,9:33:20 AM
path4,73.03659635,33.72812628,9:33:40 AM
path4,73.03626605,33.72755506,9:34:00 AM
path4,73.03559311,33.72713081,9:34:20 AM
path4,73.0350858,33.72671061,9:34:40 AM
path4,73.03440976,33.72657099,9:35:00 AM
path4,73.03474759,33.72643047,9:35:20 AM
path4,73.03542363,33.7265701,9:35:40 AM
path4,73.03609989,33.72699015,9:36:00 AM
path5,73.13388253,33.61498044,10:10:00 AM
path5,73.1323662,33.61401207,10:10:20 AM
path5,73.13135651,33.61359871,10:10:40 AM
path5,73.13017895,33.61290659,10:11:00 AM
path5,73.12866383,33.61194221,10:11:20 AM
path5,73.12782447,33.611807,10:11:40 AM
path5,73.12631524,33.61208828,10:12:00 AM
path5,73.12514449,33.61305611,10:12:20 AM
path5,73.12464206,33.61347314,10:12:40 AM
path5,73.12296664,33.61472545,10:13:00 AM
path5,73.12212998,33.61625683,10:13:20 AM
path5,73.12162755,33.61723375,10:13:40 AM
path5,73.12028677,33.619046,10:14:00 AM
path5,73.11844128,33.62043848,10:14:20 AM
path5,73.11760249,33.62141734,10:14:40 AM
path5,73.11625956,33.62322739,10:15:00 AM
path5,73.1154202,33.62434447,10:15:20 AM
path5,73.11441261,33.62532319,10:15:40 AM
path5,73.11273349,33.62686361,10:16:00 AM
path5,73.11105481,33.62882311,10:16:20 AM
path5,73.11088753,33.62938263,10:16:40 AM
path5,73.110214,33.63105835,10:17:00 AM
path5,73.10886596,33.63273336,10:17:20 AM
path5,73.10835993,33.63343173,10:17:40 AM
path5,73.1073461,33.63524844,10:18:00 AM
path5,73.10683909,33.63664791,10:18:20 AM
path5,73.10683634,33.63748716,10:18:40 AM
path5,73.10582181,33.63944851,10:19:00 AM
path5,73.10497808,33.64014972,10:19:20 AM
path5,73.1043085,33.64099195,10:19:40 AM
path5,73.10346738,33.64155331,10:20:00 AM
path5,73.10211495,33.64253528,10:20:20 AM
path5,73.10160744,33.64351737,10:20:40 AM
path5,73.10059085,33.64506158,10:21:00 AM
path5,73.09907137,33.64632568,10:21:20 AM
path5,73.09822692,33.64716848,10:21:40 AM
path5,73.09721267,33.64871378,10:22:00 AM
path5,73.09653473,33.65054046,10:22:20 AM
path5,73.09619562,33.65138388,10:22:40 AM
path5,73.09484692,33.6533503,10:23:00 AM
path5,73.09332767,33.65475578,10:23:20 AM
path5,73.09332612,33.65517794,10:23:40 AM
path5,73.09231273,33.65630259,10:24:00 AM
path5,73.09112479,33.65714933,10:24:20 AM
path5,73.09010999,33.65771284,10:24:40 AM
path5,73.08925548,33.65912427,10:25:00 AM
path5,73.0878963,33.66053525,10:25:20 AM
path5,73.0877256,33.6608176,10:25:40 AM
path5,73.08604026,33.66236255,10:26:00 AM
path5,73.08467936,33.66419704,10:26:20 AM
path5,73.08416583,33.66504541,10:26:40 AM
path5,73.08229436,33.66674228,10:27:00 AM
path5,73.08313681,33.66688481,10:27:20 AM
path5,73.08432075,33.66660279,10:27:40 AM
path5,73.08567105,33.66660419,10:28:00 AM
path5,73.08735574,33.66660856,10:28:20 AM
path5,73.08819772,33.66703372,10:28:40 AM
path5,73.08972322,33.66815731,10:29:00 AM
path5,73.09056483,33.66914677,10:29:20 AM
path5,73.09072985,33.66985503,10:29:40 AM
path5,73.09123142,33.6709882,10:30:00 AM
path5,73.09225394,33.67267116,10:30:20 AM
path5,73.09292739,33.67366132,10:30:40 AM
path5,73.09410632,33.67521914,10:31:00 AM
path5,73.09511838,33.67649312,10:31:20 AM
path5,73.09630242,33.67734097,10:31:40 AM
path5,73.09833254,33.67847246,10:32:00 AM
path5,73.09968623,33.67946264,10:32:20 AM
path5,73.10036318,33.68002832,10:32:40 AM
path5,73.10171753,33.68101835,10:33:00 AM
path5,73.10273296,33.68229191,10:33:20 AM
path5,73.10307016,33.68286099,10:33:40 AM
path5,73.10561279,33.68413064,10:34:00 AM
path5,73.10696657,33.68597658,10:34:20 AM
path5,73.107305,33.68654501,10:34:40 AM
path5,73.10815189,33.6876814,10:35:00 AM
path5,73.10849084,33.68924051,10:35:20 AM
path5,73.10849041,33.68980856,10:35:40 AM
path5,73.10992204,33.69147856,10:36:00 AM
path5,73.10992243,33.69316238,10:36:20 AM
path5,73.10992241,33.69372426,10:36:40 AM
path5,73.10992269,33.69555031,10:37:00 AM
path5,73.1100925,33.69709295,10:37:20 AM
path5,73.11009294,33.6977947,10:37:40 AM
path5,73.11026163,33.6997648,10:38:00 AM
path5,73.10924981,33.70145298,10:38:20 AM
path5,73.10891312,33.70243509,10:38:40 AM
path5,73.10790151,33.70398081,10:39:00 AM
path5,73.10705802,33.70524654,10:39:20 AM
path5,73.10671991,33.70581045,10:39:40 AM
path5,73.1062125,33.70750333,10:40:00 AM
path5,73.10553888,33.70890557,10:40:20 AM
path5,73.10537013,33.70974988,10:40:40 AM
path5,73.10486269,33.7111597,10:41:00 AM
path5,73.10300333,33.71186875,10:41:20 AM
path5,73.10148218,33.71243414,10:41:40 AM
path5,73.09911812,33.71257356,10:42:00 AM
path5,73.09810558,33.71200954,10:42:20 AM
path5,73.09658719,33.71158551,10:42:40 AM
path5,73.09354926,33.70961616,10:43:00 AM
path5,73.09068288,33.70848864,10:43:20 AM
path5,73.08950361,33.70806523,10:43:40 AM
path5,73.08815794,33.70693789,10:44:00 AM
path5,73.08411978,33.70454412,10:44:20 AM
path5,73.08211031,33.70313274,10:44:40 AM
path5,73.07992807,33.70256726,10:45:00 AM
path5,73.07824985,33.70186311,10:45:20 AM
path5,73.07623534,33.70129953,10:45:40 AM
path5,73.07438976,33.70003568,10:46:00 AM
path5,73.07253991,33.6994746,10:46:20 AM
path5,73.07153306,33.69891318,10:46:40 AM
path5,73.06983703,33.697236,10:47:00 AM
path5,73.06901563,33.69624986,10:47:20 AM
path5,73.06886011,33.69554647,10:47:40 AM
path5,73.06838716,33.69413969,10:48:00 AM
path5,73.06874387,33.69245712,10:48:20 AM
path5,73.06923219,33.69176042,10:48:40 AM
path5,73.06988048,33.69050458,10:49:00 AM
path5,73.07037723,33.68966562,10:49:20 AM
path5,73.07070842,33.68896614,10:49:40 AM
path5,73.07138757,33.68700554,10:50:00 AM
path5,73.07189853,33.6857454,10:50:20 AM
path5,73.07190054,33.68504557,10:50:40 AM
path5,73.07224792,33.68308655,10:51:00 AM
path5,73.07140426,33.68224713,10:51:20 AM
path5,73.07056079,33.68224718,10:51:40 AM
path5,73.06903292,33.68252673,10:52:00 AM
path5,73.06784696,33.68252661,10:52:20 AM
path5,73.06700007,33.68252653,10:52:40 AM
path5,73.06515838,33.6823873,10:53:00 AM
path5,73.06364764,33.6818278,10:53:20 AM
path5,73.06280527,33.68140794,10:53:40 AM
path5,73.06010804,33.68042809,10:54:00 AM
path5,73.05860167,33.67958908,10:54:20 AM
path5,73.05776618,33.67944974,10:54:40 AM
path5,73.05593781,33.67875241,10:55:00 AM
path5,73.05393269,33.67763481,10:55:20 AM
path5,73.05360541,33.6769368,10:55:40 AM
path5,73.0534471,33.67553971,10:56:00 AM
path5,73.05345577,33.67414298,10:56:20 AM
path5,73.05378943,33.67386293,10:56:40 AM
path5,73.05511916,33.67260146,10:57:00 AM
path5,73.05613077,33.67120367,10:57:20 AM
path5,73.05663993,33.67064548,10:57:40 AM
path5,73.05749079,33.66938985,10:58:00 AM
path5,73.05598208,33.668692,10:58:20 AM
path5,73.05497379,33.66855225,10:58:40 AM
path5,73.05295967,33.66799385,10:59:00 AM
path5,73.05097025,33.66702298,10:59:20 AM
path5,73.04997547,33.6664678,10:59:40 AM
path5,73.04764885,33.66549688,11:00:00 AM
path5,73.04580605,33.66479975,11:00:20 AM
path5,73.04413711,33.66424407,11:00:40 AM
path5,73.04198591,33.66271738,11:01:00 AM
path5,73.04081852,33.66216117,11:01:20 AM
path5,73.03979564,33.66243509,11:01:40 AM
path5,73.03858452,33.66368107,11:02:00 AM
path5,73.03755431,33.66493183,11:02:20 AM
path5,73.03687374,33.66576793,11:02:40 AM
path5,73.03536885,33.66786477,11:03:00 AM
path5,73.03484831,33.66967767,11:03:20 AM
path5,73.034665,33.67177111,11:03:40 AM
path5,73.03415688,33.67330789,11:04:00 AM
path5,73.03329565,33.67498238,11:04:20 AM
path5,73.03262623,33.67554183,11:04:40 AM
path5,73.03161391,33.67665964,11:05:00 AM
path5,73.03310914,33.6773573,11:05:20 AM
path5,73.03477129,33.67749559,11:05:40 AM
path5,73.03811697,33.67777398,11:06:00 AM
path5,73.04097366,33.67861328,11:06:20 AM
path5,73.04180952,33.67931245,11:06:40 AM
path5,73.04264078,33.68043116,11:07:00 AM
path5,73.04414856,33.68183017,11:07:20 AM
path5,73.0448153,33.68224981,11:07:40 AM
path5,73.04581424,33.68308928,11:08:00 AM
path5,73.04680209,33.68448894,11:08:20 AM
path5,73.04663003,33.68504905,11:08:40 AM
path5,73.04443792,33.68756976,11:09:00 AM
path5,73.04375559,33.68911074,11:09:20 AM
path5,73.04375689,33.68939071,11:09:40 AM
path6,73.01907706,33.67033256,10:00:20 AM
path6,73.02031836,33.67033172,10:00:40 AM
path6,73.02435411,33.67136923,10:01:00 AM
path6,73.02498037,33.67136958,10:01:20 AM
path6,73.02622354,33.67188915,10:01:40 AM
path6,73.02746996,33.67266912,10:02:00 AM
path6,73.03027384,33.67396911,10:02:20 AM
path6,73.03152077,33.67500952,10:02:40 AM
path6,73.03245727,33.67552977,10:03:00 AM
path6,73.03370585,33.67578987,10:03:20 AM
path6,73.03464257,33.67657035,10:03:40 AM
path6,73.03651583,33.67735082,10:04:00 AM
path6,73.03839162,33.67813142,10:04:20 AM
path6,73.03932971,33.67865182,10:04:40 AM
path6,73.04026105,33.67943216,10:05:00 AM
path6,73.04150439,33.68021262,10:05:20 AM
path6,73.04306112,33.680733,10:05:40 AM
path6,73.04399315,33.68151376,10:06:00 AM
path6,73.04523734,33.68229464,10:06:20 AM
path6,73.04741792,33.68307573,10:06:40 AM
path6,73.04804091,33.68333611,10:07:00 AM
path6,73.05087272,33.68489752,10:07:20 AM
path6,73.05211237,33.68567909,10:07:40 AM
path6,73.0530497,33.68593946,10:08:00 AM
path6,73.05555441,33.68724103,10:08:20 AM
path6,73.05775138,33.68854177,10:08:40 AM
path6,73.05931641,33.68958299,10:09:00 AM
path6,73.06119947,33.6903629,10:09:20 AM
path6,73.06245464,33.69088272,10:09:40 AM
path6,73.06590379,33.69270264,10:10:00 AM
path6,73.06715727,33.69348272,10:10:20 AM
path6,73.06935145,33.69426199,10:10:40 AM
path6,73.07153781,33.695564,10:11:00 AM
path6,73.07309452,33.69660755,10:11:20 AM
path6,73.07402758,33.69791134,10:11:40 AM
path6,73.0762087,33.69973818,10:12:00 AM
path6,73.07714558,33.69973911,10:12:20 AM
path6,73.07870572,33.70052304,10:12:40 AM
path6,73.08089411,33.70182751,10:13:00 AM
path6,73.08245831,33.70287064,10:13:20 AM
path6,73.08339665,33.70339261,10:13:40 AM
path6,73.08558632,33.70443713,10:14:00 AM
path6,73.08714827,33.70548336,10:14:20 AM
path6,73.08871239,33.70678943,10:14:40 AM
path6,73.08965199,33.70757226,10:15:00 AM
path6,73.09153133,33.70835567,10:15:20 AM
path6,73.09247116,33.70887781,10:15:40 AM
path6,73.09466452,33.71044413,10:16:00 AM
path6,73.09623151,33.71148857,10:16:20 AM
path6,73.09654494,33.71174964,10:16:40 AM
path6,73.0984257,33.71279445,10:17:00 AM
path6,73.0999926,33.71331813,10:17:20 AM
path6,73.10250079,33.71410218,10:17:40 AM
path6,73.10406911,33.71488614,10:18:00 AM
path6,73.10595187,33.71619055,10:18:20 AM
path6,73.10752056,33.71671236,10:18:40 AM
path6,73.11034427,33.71775751,10:19:00 AM
path6,73.11191363,33.71880296,10:19:20 AM
path6,73.11285567,33.71958336,10:19:40 AM
path6,73.11379725,33.72011059,10:20:00 AM
path6,73.11536696,33.72063703,10:20:20 AM
path6,73.11787831,33.72115919,10:20:40 AM
path6,73.11913407,33.72142027,10:21:00 AM
path6,73.12101722,33.72141906,10:21:20 AM
path6,73.12195837,33.72115656,10:21:40 AM
path6,73.12352668,33.7206318,10:22:00 AM
path6,73.1247816,33.72036964,10:22:20 AM
path6,73.12572286,33.72010815,10:22:40 AM
path6,73.12760593,33.7198467,10:23:00 AM
path6,73.12854724,33.71958517,10:23:20 AM
path6,73.13043041,33.71958465,10:23:40 AM
path6,73.13199975,33.71958383,10:24:00 AM
path6,73.13294135,33.71958333,10:24:20 AM
path6,73.13419621,33.71932098,10:24:40 AM
path7,73.01907706,33.67033256,10:23:00 AM
path7,73.02031836,33.67033172,10:23:20 AM
path7,73.02435411,33.67136923,10:23:40 AM
path7,73.02498037,33.67136958,10:24:00 AM
path7,73.02622354,33.67188915,10:24:20 AM
path7,73.02746996,33.67266912,10:24:40 AM
path7,73.03027384,33.67396911,10:25:00 AM
path7,73.03152077,33.67500952,10:25:20 AM
path7,73.03245727,33.67552977,10:25:40 AM
path7,73.03370585,33.67578987,10:26:00 AM
path7,73.03464257,33.67657035,10:26:20 AM
path7,73.03651583,33.67735082,10:26:40 AM
path7,73.03839162,33.67813142,10:27:00 AM
path7,73.03932971,33.67865182,10:27:20 AM
path7,73.04026105,33.67943216,10:27:40 AM
path7,73.04150439,33.68021262,10:28:00 AM
path7,73.04306112,33.680733,10:28:20 AM
path7,73.04399315,33.68151376,10:28:40 AM
path7,73.04523734,33.68229464,10:29:00 AM
path7,73.04741792,33.68307573,10:29:20 AM
path7,73.04804091,33.68333611,10:29:40 AM
path7,73.05087272,33.68489752,10:30:00 AM
path7,73.05211237,33.68567909,10:30:20 AM
path7,73.0530497,33.68593946,10:30:40 AM
path7,73.05555441,33.68724103,10:31:00 AM
path7,73.05775138,33.68854177,10:31:20 AM
path7,73.05931641,33.68958299,10:31:40 AM
path7,73.06119947,33.6903629,10:32:00 AM
path7,73.06245464,33.69088272,10:32:20 AM
path7,73.06590379,33.69270264,10:32:40 AM
path7,73.06715727,33.69348272,10:33:00 AM
path7,73.06935145,33.69426199,10:33:20 AM
path7,73.07153781,33.695564,10:33:40 AM
path7,73.07309452,33.69660755,10:34:00 AM
path7,73.07402758,33.69791134,10:34:20 AM
path7,73.0762087,33.69973818,10:34:40 AM
path7,73.07714558,33.69973911,10:35:00 AM
path7,73.07870572,33.70052304,10:35:20 AM
path7,73.08089411,33.70182751,10:35:40 AM
path7,73.08245831,33.70287064,10:36:00 AM
path7,73.08339665,33.70339261,10:36:20 AM
path7,73.08558632,33.70443713,10:36:40 AM
path7,73.08714827,33.70548336,10:37:00 AM
path7,73.08871239,33.70678943,10:37:20 AM
path7,73.08965199,33.70757226,10:37:40 AM
path7,73.09153133,33.70835567,10:38:00 AM
path7,73.09247116,33.70887781,10:38:20 AM
path7,73.09466452,33.71044413,10:38:40 AM
path7,73.09623151,33.71148857,10:39:00 AM
path7,73.09654494,33.71174964,10:39:20 AM
path7,73.0984257,33.71279445,10:39:40 AM
path7,73.0999926,33.71331813,10:40:00 AM
path7,73.10250079,33.71410218,10:40:20 AM
path7,73.10406911,33.71488614,10:40:40 AM
path7,73.10595187,33.71619055,10:41:00 AM
path7,73.10752056,33.71671236,10:41:20 AM
path7,73.11034427,33.71775751,10:41:40 AM
path7,73.11191363,33.71880296,10:42:00 AM
path7,73.11285567,33.71958336,10:42:20 AM
path7,73.11379725,33.72011059,10:42:40 AM
path7,73.11536696,33.72063703,10:43:00 AM
path7,73.11787831,33.72115919,10:43:20 AM
path7,73.11913407,33.72142027,10:43:40 AM
path7,73.12101722,33.72141906,10:44:00 AM
path7,73.12195837,33.72115656,10:44:20 AM
path7,73.12352668,33.7206318,10:44:40 AM
path7,73.1247816,33.72036964,10:45:00 AM
path7,73.12572286,33.72010815,10:45:20 AM
path7,73.12760593,33.7198467,10:45:40 AM
path7,73.12854724,33.71958517,10:46:00 AM
path7,73.13043041,33.71958465,10:46:20 AM
path7,73.13199975,33.71958383,10:46:40 AM
path7,73.13294135,33.71958333,10:47:00 AM
path7,73.13419621,33.71932098,10:47:20 AM
path8,73.08902038,33.74099322,8:00:00 AM
path8,73.08776609,33.74072994,8:00:20 AM
path8,73.08463101,33.7402021,8:00:40 AM
path8,73.08212844,33.73992762,8:01:00 AM
path8,73.08024419,33.73967046,8:01:20 AM
path8,73.07804972,33.73888542,8:01:40 AM
path8,73.07679401,33.73810419,8:02:00 AM
path8,73.076166,33.73784431,8:02:20 AM
path8,73.07428195,33.73680356,8:02:40 AM
path8,73.07239775,33.7357627,8:03:00 AM
path8,73.0714557,33.73498117,8:03:20 AM
path8,73.06800625,33.73341456,8:03:40 AM
path8,73.06487072,33.73236991,8:04:00 AM
path8,73.06330142,33.73158836,8:04:20 AM
path8,73.06141144,33.7302916,8:04:40 AM
path8,73.05984209,33.72924878,8:05:00 AM
path8,73.05889536,33.72847091,8:05:20 AM
path8,73.05670743,33.72768158,8:05:40 AM
path8,73.05545771,33.72689511,8:06:00 AM
path8,73.053896,33.72610777,8:06:20 AM
path8,73.05202099,33.72558151,8:06:40 AM
path8,73.04982696,33.7247985,8:07:00 AM
path8,73.04857456,33.72375419,8:07:20 AM
path8,73.04700867,33.72297069,8:07:40 AM
path8,73.04638234,33.72270948,8:08:00 AM
path8,73.043878,33.72166417,8:08:20 AM
path8,73.0420021,33.72087908,8:08:40 AM
path8,73.04043952,33.72009433,8:09:00 AM
path8,73.03950317,33.71931019,8:09:20 AM
path8,73.03794376,33.71800303,8:09:40 AM
path8,73.03543749,33.71643858,8:10:00 AM
path8,73.03323687,33.71539869,8:10:20 AM
path8,73.03198934,33.71409285,8:10:40 AM
path8,73.03136512,33.7130493,8:11:00 AM
path8,73.03042923,33.71200517,8:11:20 AM
path8,73.03012086,33.71122154,8:11:40 AM
path8,73.03012381,33.71069934,8:12:00 AM
path8,73.03043657,33.70913606,8:12:20 AM
path8,73.03106766,33.70809239,8:12:40 AM
path8,73.03169866,33.70704882,8:13:00 AM
path8,73.03296455,33.70574236,8:13:20 AM
path8,73.03359114,33.7047003,8:13:40 AM
path8,73.03421771,33.70365823,8:14:00 AM
path8,73.03515731,33.70235571,8:14:20 AM
path8,73.03578814,33.7015731,8:14:40 AM
path8,73.03705354,33.70000712,8:15:00 AM
path8,73.03705433,33.69974647,8:15:20 AM
path8,73.03768315,33.69870406,8:15:40 AM
path8,73.03894039,33.6966195,8:16:00 AM
path8,73.03988017,33.69609855,8:16:20 AM
path8,73.04113657,33.69375393,8:16:40 AM
path8,73.04145074,33.69297246,8:17:00 AM
path8,73.04207859,33.6916701,8:17:20 AM
path8,73.04270938,33.69010703,8:17:40 AM
path8,73.04334528,33.68906439,8:18:00 AM
path8,73.04429395,33.68802204,8:18:20 AM
path8,73.04555294,33.68645954,8:18:40 AM
path8,73.04679771,33.68515836,8:19:00 AM
path8,73.04803652,33.68489855,8:19:20 AM
path8,73.04961438,33.68463754,8:19:40 AM
path8,73.05087272,33.68489752,8:20:00 AM
path8,73.05211379,33.68541865,8:20:20 AM
path8,73.05336612,33.68672027,8:20:40 AM
path8,73.05492776,33.68750152,8:21:00 AM
path8,73.05649258,33.68854279,8:21:20 AM
path8,73.05806777,33.68880164,8:21:40 AM
path8,73.05900369,33.68932267,8:22:00 AM
path8,73.0596324,33.6893222,8:22:20 AM
path8,73.0612022,33.68984185,8:22:40 AM
path8,73.06245729,33.69036169,8:23:00 AM
path8,73.06433541,33.69088204,8:23:20 AM
path8,73.06558899,33.691662,8:23:40 AM
path8,73.06747042,33.69296207,8:24:00 AM
path8,73.06809744,33.69348215,8:24:20 AM
path8,73.06997856,33.69504229,8:24:40 AM
path8,73.07122452,33.69582448,8:25:00 AM
path8,73.07309386,33.69686812,8:25:20 AM
path8,73.07465461,33.69712942,8:25:40 AM
path8,73.07777806,33.69791269,8:26:00 AM
path8,73.07933853,33.69869599,8:26:20 AM
path8,73.08027128,33.69974122,8:26:40 AM
path8,73.08151878,33.70130716,8:27:00 AM
path8,73.08214447,33.70182867,8:27:20 AM
path8,73.08308309,33.702611,8:27:40 AM
path8,73.08496003,33.70365501,8:28:00 AM
path8,73.08589866,33.70417708,8:28:20 AM
path8,73.08683595,33.70522178,8:28:40 AM
path8,73.08808607,33.70600671,8:29:00 AM
path8,73.0890255,33.70626802,8:29:20 AM
path8,73.09059147,33.70705114,8:29:40 AM
path8,73.0915312,33.70757322,8:30:00 AM
path8,73.09341083,33.70835664,8:30:20 AM
path8,73.09466417,33.70913983,8:30:40 AM
path8,73.09529094,33.70966188,8:31:00 AM
path8,73.09654413,33.71018471,8:31:20 AM
path8,73.09905073,33.71123155,8:31:40 AM
path8,73.1006191,33.71175102,8:32:00 AM
path8,73.10187332,33.71253626,8:32:20 AM
path8,73.10281477,33.71253409,8:32:40 AM
path8,73.10375605,33.71096417,8:33:00 AM
path8,73.10438331,33.70991803,8:33:20 AM
path8,73.10438332,33.70861105,8:33:40 AM
path8,73.10438323,33.70756637,8:34:00 AM
path8,73.10532321,33.70678301,8:34:20 AM
path8,73.10563586,33.70547922,8:34:40 AM
path8,73.1059491,33.70495712,8:35:00 AM
path8,73.10626201,33.70365228,8:35:20 AM
path8,73.10657499,33.70260847,8:35:40 AM
path8,73.10688769,33.70052104,8:36:00 AM
path8,73.10720017,33.6984342,8:36:20 AM
path8,73.10751219,33.69634881,8:36:40 AM
path8,73.10751149,33.69400199,8:37:00 AM
path8,73.10751149,33.693741,8:37:20 AM
path8,73.10719759,33.69269852,8:37:40 AM
path8,73.10688334,33.69113562,8:38:00 AM
path8,73.10625671,33.68905094,8:38:20 AM
path8,73.10594361,33.68826925,8:38:40 AM
path8,73.10563051,33.68774826,8:39:00 AM
path8,73.10500448,33.68644592,8:39:20 AM
path8,73.1046917,33.68462273,8:39:40 AM
path8,73.10344036,33.68306094,8:40:00 AM
path8,73.10218855,33.68254097,8:40:20 AM
path8,73.10156311,33.68150009,8:40:40 AM
path8,73.10062483,33.6796789,8:41:00 AM
path8,73.09906108,33.6778583,8:41:20 AM
path8,73.0974974,33.67707856,8:41:40 AM
path8,73.09593371,33.67655892,8:42:00 AM
path8,73.09468317,33.67551902,8:42:20 AM
path8,73.09374455,33.67525914,8:42:40 AM
path8,73.09312026,33.67421931,8:43:00 AM
path8,73.09218307,33.6731796,8:43:20 AM
path8,73.09030908,33.67188077,8:43:40 AM
path8,73.08968485,33.67136137,8:44:00 AM
path8,73.0881245,33.67006302,8:44:20 AM
path8,73.08812649,33.66928406,8:44:40 AM
path8,73.08812873,33.66798544,8:45:00 AM
path8,73.08813065,33.6666869,8:45:20 AM
path8,73.08813054,33.66538734,8:45:40 AM
path8,73.08875335,33.66434609,8:46:00 AM
path8,73.08906666,33.66304706,8:46:20 AM
path8,73.08938047,33.66174892,8:46:40 AM
path8,73.09000643,33.66097028,8:47:00 AM
path8,73.09187841,33.65992811,8:47:20 AM
path8,73.09344575,33.6573362,8:47:40 AM
path8,73.09469815,33.65500347,8:48:00 AM
path8,73.09657148,33.65370519,8:48:20 AM
path8,73.09719552,33.65344488,8:48:40 AM
path8,73.09781967,33.65266573,8:49:00 AM
path8,73.09938038,33.65007031,8:49:20 AM
path8,73.10000484,33.64851445,8:49:40 AM
path8,73.10062924,33.64747775,8:50:00 AM
path8,73.10125409,33.64592424,8:50:20 AM
path8,73.10187977,33.64437467,8:50:40 AM
path8,73.10250377,33.64411575,8:51:00 AM
path8,73.10375274,33.64230805,8:51:20 AM
path8,73.10437641,33.64153104,8:51:40 AM
path8,73.10531064,33.63971408,8:52:00 AM
path8,73.10686934,33.63816071,8:52:20 AM
path8,73.10780447,33.63764292,8:52:40 AM
path8,73.10905164,33.63635525,8:53:00 AM
path8,73.10936308,33.63558071,8:53:20 AM
path8,73.10998588,33.63428982,8:53:40 AM
path8,73.11091979,33.63248297,8:54:00 AM
path8,73.11154256,33.63196581,8:54:20 AM
path8,73.11309903,33.63041546,8:54:40 AM
path8,73.11372137,33.6296409,8:55:00 AM
path8,73.11527859,33.62937955,8:55:20 AM
path8,73.11745839,33.62859687,8:55:40 AM
path8,73.11994939,33.62729721,8:56:00 AM
path8,73.12088262,33.62626153,8:56:20 AM
path8,73.12212691,33.62496721,8:56:40 AM
path8,73.12306084,33.62444775,8:57:00 AM
path8,73.12492979,33.6239261,8:57:20 AM
path8,73.12679737,33.62366854,8:57:40 AM
path8,73.12773286,33.62418367,8:58:00 AM
path8,73.12898058,33.62495639,8:58:20 AM
path8,73.13022775,33.62547167,8:58:40 AM
path8,73.13085378,33.62650204,8:59:00 AM
path8,73.13179268,33.62779109,8:59:20 AM
path8,73.13210815,33.62934136,8:59:40 AM
path8,73.13273307,33.63037609,9:00:00 AM
path8,73.13336092,33.63192491,9:00:20 AM
path8,73.13429933,33.63295688,9:00:40 AM
path8,73.13554832,33.63347172,9:01:00 AM
path8,73.13710904,33.63398697,9:01:20 AM
path8,73.13960518,33.63528198,9:01:40 AM
path8,73.14085373,33.63605872,9:02:00 AM
path8,73.14241374,33.63683588,9:02:20 AM
path8,73.14522045,33.63761212,9:02:40 AM
path8,73.14678154,33.63812788,9:03:00 AM
path8,73.14864891,33.63839099,9:03:20 AM
path8,73.15175995,33.63865629,9:03:40 AM
path8,73.15425279,33.63891509,9:04:00 AM
path8,73.15612643,33.63891008,9:04:20 AM
path8,73.15924923,33.6391618,9:04:40 AM
path8,73.16143326,33.63915831,9:05:00 AM
path8,73.16237038,33.63941571,9:05:20 AM
path8,73.16423908,33.63967537,9:05:40 AM
path8,73.1651726,33.63993509,9:06:00 AM
path8,73.16642228,33.64071219,9:06:20 AM
path8,73.16797898,33.64123182,9:06:40 AM
path8,73.1686008,33.64123244,9:07:00 AM
path8,73.17078413,33.64174859,9:07:20 AM
path8,73.17203129,33.64226677,9:07:40 AM
path9,72.98767062,33.63720239,8:00:00 AM
path9,72.98701878,33.63848768,8:00:20 AM
path9,72.98607821,33.63952173,8:00:40 AM
path9,72.98485183,33.64056407,8:01:00 AM
path9,72.9836069,33.64160019,8:01:20 AM
path9,72.98266553,33.64289326,8:01:40 AM
path9,72.98203581,33.64392785,8:02:00 AM
path9,72.98140303,33.64496117,8:02:20 AM
path9,72.9807796,33.64625662,8:02:40 AM
path9,72.98077546,33.64703311,8:03:00 AM
path9,72.98200075,33.64884333,8:03:20 AM
path9,72.98322618,33.65065328,8:03:40 AM
path9,72.98353571,33.65065295,8:04:00 AM
path9,72.98569209,33.65168538,8:04:20 AM
path9,72.98691843,33.6521999,8:04:40 AM
path9,72.98753717,33.65297723,8:05:00 AM
path9,72.9890853,33.65401312,8:05:20 AM
path9,72.98970578,33.65453155,8:05:40 AM
path9,72.99093833,33.65478835,8:06:00 AM
path9,72.99247874,33.65504439,8:06:20 AM
path9,72.99462574,33.65555634,8:06:40 AM
path9,72.99555773,33.65581545,8:07:00 AM
path9,72.99679941,33.65633374,8:07:20 AM
path9,72.99742188,33.6563337,8:07:40 AM
path9,72.99928472,33.65711119,8:08:00 AM
path9,73.00052676,33.65762958,8:08:20 AM
path9,73.00207566,33.65840651,8:08:40 AM
path9,73.0033033,33.6594413,8:09:00 AM
path9,73.00636404,33.66098845,8:09:20 AM
path9,73.00823751,33.66150862,8:09:40 AM
path9,73.01041382,33.66254664,8:10:00 AM
path9,73.01196196,33.66280444,8:10:20 AM
path9,73.01442483,33.66357779,8:10:40 AM
path9,73.01596656,33.66435447,8:11:00 AM
path9,73.01658725,33.66487382,8:11:20 AM
path9,73.01814427,33.6659133,8:11:40 AM
path9,73.01970991,33.6666941,8:12:00 AM
path9,73.02189296,33.66773375,8:12:20 AM
path9,73.0228219,33.66825261,8:12:40 AM
path9,73.02405762,33.66955089,8:13:00 AM
path9,73.02467632,33.67007024,8:13:20 AM
path9,73.02653796,33.67136919,8:13:40 AM
path9,73.02841363,33.67188957,8:14:00 AM
path9,73.02966035,33.67266959,8:14:20 AM
path9,73.03028233,33.67318955,8:14:40 AM
path9,73.03152839,33.67370946,8:15:00 AM
path9,73.03370557,33.67500934,8:15:20 AM
path9,73.03745261,33.67631001,8:15:40 AM
path9,73.04089346,33.67761111,8:16:00 AM
path9,73.0421355,33.67865146,8:16:20 AM
path9,73.0433803,33.67917165,8:16:40 AM
path9,73.04493605,33.67995214,8:17:00 AM
path9,73.0458683,33.68073283,8:17:20 AM
path9,73.0464899,33.68125336,8:17:40 AM
path9,73.04773224,33.68255498,8:18:00 AM
path9,73.04867171,33.68333599,8:18:20 AM
path9,73.04961645,33.68385647,8:18:40 AM
path9,73.05180703,33.68463735,8:19:00 AM
path9,73.05304879,33.68541878,8:19:20 AM
path9,73.05461845,33.68645978,8:19:40 AM
path9,73.05555528,33.68698057,8:20:00 AM
path9,73.05712092,33.68750099,8:20:20 AM
path9,73.0593221,33.68854095,8:20:40 AM
path9,73.06026148,33.68932166,8:21:00 AM
path9,73.06151667,33.68984157,8:21:20 AM
path9,73.06277052,33.69036179,8:21:40 AM
path9,73.06339672,33.6906219,8:22:00 AM
path9,73.0649619,33.69114186,8:22:20 AM
path9,73.06621655,33.69166153,8:22:40 AM
path9,73.06715713,33.69244172,8:23:00 AM
path9,73.06809761,33.69296167,8:23:20 AM
path9,73.06966184,33.69322156,8:23:40 AM
path9,73.07216774,33.69426123,8:24:00 AM
path9,73.07310445,33.69504236,8:24:20 AM
path9,73.07497176,33.69582622,8:24:40 AM
path9,73.07652734,33.6968708,8:25:00 AM
path9,73.07777806,33.69791269,8:25:20 AM
path9,73.08027445,33.69921848,8:25:40 AM
path9,73.08152308,33.7000022,8:26:00 AM
path9,73.08308634,33.70078491,8:26:20 AM
path9,73.08402139,33.70182995,8:26:40 AM
path9,73.08402054,33.7023517,8:27:00 AM
path9,73.08402184,33.70339341,8:27:20 AM
path9,73.08433334,33.70469786,8:27:40 AM
path9,73.08432893,33.7062657,8:28:00 AM
path9,73.08401583,33.70730848,8:28:20 AM
path9,73.08370314,33.7086116,8:28:40 AM
path9,73.08339048,33.70965398,8:29:00 AM
path9,73.08182546,33.7109568,8:29:20 AM
path9,73.08151134,33.71147902,8:29:40 AM
path9,73.08056843,33.71278501,8:30:00 AM
path9,73.07962729,33.7135684,8:30:20 AM
path9,73.07805905,33.71461283,8:30:40 AM
path9,73.07711807,33.71539595,8:31:00 AM
path9,73.07586309,33.71565807,8:31:20 AM
path9,73.07460796,33.71592021,8:31:40 AM
path9,73.07335279,33.71618235,8:32:00 AM
path9,73.07178368,33.71644484,8:32:20 AM
path9,73.07052929,33.71618463,8:32:40 AM
path9,73.06896153,33.71566362,8:33:00 AM
path9,73.06802225,33.71540198,8:33:20 AM
path9,73.06614177,33.71488068,8:33:40 AM
path9,73.06457515,33.7140981,8:34:00 AM
path9,73.06363704,33.71331457,8:34:20 AM
path9,73.06207382,33.71174805,8:34:40 AM
path9,73.06082154,33.71122604,8:35:00 AM
path9,73.05956668,33.71096624,8:35:20 AM
path9,73.0576847,33.71070652,8:35:40 AM
path9,73.05643382,33.71070526,8:36:00 AM
path9,73.05487118,33.71070323,8:36:20 AM
path9,73.054245,33.71070298,8:36:40 AM
path9,73.05173542,33.71226822,8:37:00 AM
path9,73.05047965,33.71331195,8:37:20 AM
path9,73.04985086,33.71409494,8:37:40 AM
path9,73.04859371,33.71540007,8:38:00 AM
path9,73.04765036,33.7164443,8:38:20 AM
path9,73.04733594,33.71696628,8:38:40 AM
path9,73.04670698,33.71801012,8:39:00 AM
path9,73.04576382,33.71931511,8:39:20 AM
path9,73.04513155,33.72140379,8:39:40 AM
path9,73.04544258,33.72244819,8:40:00 AM
path9,73.04606771,33.72323161,8:40:20 AM
path9,73.04857456,33.72375419,8:40:40 AM
path9,73.05108265,33.724276,8:41:00 AM
path9,73.05295881,33.72480116,8:41:20 AM
path9,73.05576981,33.72637461,8:41:40 AM
path9,73.05733197,33.72716208,8:42:00 AM
path9,73.05952223,33.72768862,8:42:20 AM
path9,73.06078094,33.72820712,8:42:40 AM
path9,73.06329019,33.72925112,8:43:00 AM
path9,73.06455312,33.73002591,8:43:20 AM
path9,73.06581327,33.73054205,8:43:40 AM
path9,73.06706729,33.73106432,8:44:00 AM
path9,73.06894823,33.73210885,8:44:20 AM
path9,73.07019988,33.73315596,8:44:40 AM
path9,73.07114185,33.73419856,8:45:00 AM
path9,73.07271184,33.73576215,8:45:20 AM
path9,73.07365394,33.73628259,8:45:40 AM
path9,73.07522412,33.73680188,8:46:00 AM
path9,73.07742213,33.737581,8:46:20 AM
path9,73.07805008,33.73810192,8:46:40 AM
path9,73.07961962,33.73809978,8:47:00 AM
path9,73.08244232,33.73836108,8:47:20 AM
path9,73.08400128,33.73707308,8:47:40 AM
path9,73.08431421,33.73655237,8:48:00 AM
path9,73.08619365,33.73525255,8:48:20 AM
path9,73.08682041,33.73394814,8:48:40 AM
path9,73.08744776,33.73316495,8:49:00 AM
path9,73.08776139,33.73185933,8:49:20 AM
path9,73.08807501,33.73055376,8:49:40 AM
path9,73.08870225,33.72924836,8:50:00 AM
path9,73.08964422,33.72846347,8:50:20 AM
path9,73.09027302,33.72793824,8:50:40 AM
path9,73.09183882,33.72820501,8:51:00 AM
path9,73.09277958,33.72872847,8:51:20 AM
path9,73.09403396,33.72951395,8:51:40 AM
path9,73.09528847,33.73003835,8:52:00 AM
path9,73.09622982,33.73003847,8:52:20 AM
path9,73.09779895,33.73003814,8:52:40 AM
path9,73.09905381,33.72899272,8:53:00 AM
path9,73.09968191,33.72794593,8:53:20 AM
path9,73.09968797,33.72609569,8:53:40 AM
path9,73.09999364,33.72507626,8:54:00 AM
path9,73.10062091,33.72403095,8:54:20 AM
path9,73.1012483,33.72272382,8:54:40 AM
path9,73.10156187,33.72141646,8:55:00 AM
path9,73.10187552,33.72063218,8:55:20 AM
path9,73.10250276,33.7195867,8:55:40 AM
path9,73.10312999,33.71906417,8:56:00 AM
path9,73.10407092,33.71854138,8:56:20 AM
path9,73.1068938,33.71801875,8:56:40 AM
path9,73.1090896,33.71801889,8:57:00 AM
path9,73.11128557,33.71801898,8:57:20 AM
path9,73.113168,33.71801869,8:57:40 AM
path9,73.11536539,33.71906617,8:58:00 AM
path9,73.11630734,33.71958916,8:58:20 AM
path9,73.11756287,33.71985019,8:58:40 AM
path9,73.1185043,33.7198496,8:59:00 AM
path9,73.12101479,33.71984799,8:59:20 AM
path9,73.12289769,33.71984713,8:59:40 AM
path9,73.12415174,33.71906184,9:00:00 AM
path9,73.12477894,33.71880002,9:00:20 AM
path9,73.12603396,33.71853852,9:00:40 AM
path9,73.12791682,33.71827708,9:01:00 AM
path9,73.12948637,33.71827717,9:01:20 AM
path9,73.13074153,33.71801563,9:01:40 AM
path9,73.13199609,33.71749249,9:02:00 AM
path9,73.13325044,33.71696939,9:02:20 AM
path9,73.1316781,33.71488087,9:02:40 AM
path9,73.13073618,33.71488033,9:03:00 AM
path9,73.12728306,33.71487832,9:03:20 AM
path9,73.12508654,33.71487831,9:03:40 AM
path9,73.12320394,33.71487908,9:04:00 AM
path9,73.12163575,33.71514103,9:04:20 AM
path9,73.12038121,33.715403,9:04:40 AM
path9,73.11944012,33.71540395,9:05:00 AM
path9,73.11849921,33.71566559,9:05:20 AM
path9,73.1172446,33.71592753,9:05:40 AM
path9,73.11504885,33.71618953,9:06:00 AM
path9,73.11379402,33.71618956,9:06:20 AM
path9,73.11128417,33.71592845,9:06:40 AM
path9,73.10971557,33.71566799,9:07:00 AM
path9,73.10783314,33.71462281,9:07:20 AM
path9,73.10720567,33.71383845,9:07:40 AM
path9,73.1062647,33.71331599,9:08:00 AM
path9,73.10501021,33.71227073,9:08:20 AM
path9,73.10375605,33.71096417,9:08:40 AM
path9,73.1037562,33.71017986,9:09:00 AM
path9,73.1037565,33.70861161,9:09:20 AM
path9,73.10406984,33.70808873,9:09:40 AM
path9,73.10406955,33.70652333,9:10:00 AM
path9,73.10469542,33.7052189,9:10:20 AM
path9,73.10563528,33.70339159,9:10:40 AM
path9,73.10594841,33.70260863,9:11:00 AM
path9,73.10657447,33.70078205,9:11:20 AM
path9,73.10813988,33.69817294,9:11:40 AM
path9,73.11033213,33.69712873,9:12:00 AM
path9,73.1103317,33.69634651,9:12:20 AM
path9,73.10970411,33.69426128,9:12:40 AM
path9,73.10813663,33.69217718,9:13:00 AM
path9,73.10719628,33.690875,9:13:20 AM
path9,73.10625671,33.68905094,9:13:40 AM
path9,73.10531765,33.68644569,9:14:00 AM
path9,73.10531779,33.68592465,9:14:20 AM
path9,73.10343848,33.68410288,9:14:40 AM
path9,73.10250161,33.68254082,9:15:00 AM
path9,73.10156325,33.6812399,9:15:20 AM
path9,73.100312,33.67967905,9:15:40 AM
path9,73.09843552,33.67785857,9:16:00 AM
path9,73.09781018,33.67707841,9:16:20 AM
path9,73.09655961,33.67577839,9:16:40 AM
path9,73.09562199,33.6744784,9:17:00 AM
path9,73.09468454,33.67317864,9:17:20 AM
path9,73.0928088,33.67161917,9:17:40 AM
path9,73.09187164,33.67083975,9:18:00 AM
path9,73.09093558,33.66954076,9:18:20 AM
path9,73.09031175,33.66824176,9:18:40 AM
path9,73.08937655,33.66590402,9:19:00 AM
path9,73.08719622,33.66279102,9:19:20 AM
path9,73.08719835,33.66149337,9:19:40 AM
path9,73.08720182,33.66045699,9:20:00 AM
path9,73.0875165,33.6594199,9:20:20 AM
path9,73.08783193,33.65812416,9:20:40 AM
path9,73.08908078,33.65682545,9:21:00 AM
path9,73.08970479,33.65630552,9:21:20 AM
path9,73.09064124,33.65552668,9:21:40 AM
path9,73.09157864,33.65474863,9:22:00 AM
path9,73.0922042,33.65345175,9:22:20 AM
path9,73.09376659,33.65189672,9:22:40 AM
path9,73.09532601,33.65111578,9:23:00 AM
path9,73.09782113,33.65007387,9:23:20 AM
path9,73.09938103,33.64877497,9:23:40 AM
path9,73.1015657,33.64644115,9:24:00 AM
path9,73.10312712,33.64463145,9:24:20 AM
path9,73.10499964,33.64334007,9:24:40 AM
path9,73.10687021,33.64126624,9:25:00 AM
path9,73.10811627,33.63815812,9:25:20 AM
path9,73.11029832,33.63660978,9:25:40 AM
path9,73.11154411,33.63480105,9:26:00 AM
path9,73.11278904,33.6324775,9:26:20 AM
path9,73.11434578,33.63118489,9:26:40 AM
path9,73.11496835,33.63066844,9:27:00 AM
path9,73.11683647,33.62989207,9:27:20 AM
path9,73.11901632,33.62859157,9:27:40 AM
path9,73.12088386,33.62703574,9:28:00 AM
path9,73.12212873,33.62599869,9:28:20 AM
path9,73.12524295,33.6246981,9:28:40 AM
path9,73.12586516,33.62444074,9:29:00 AM
path9,73.12710941,33.62392606,9:29:20 AM
path9,73.12928848,33.62314947,9:29:40 AM
path9,73.12991231,33.62340598,9:30:00 AM
path9,73.13240885,33.62520891,9:30:20 AM
path9,73.13397016,33.62649812,9:30:40 AM
path9,73.1349099,33.62830658,9:31:00 AM
path9,73.13585002,33.63011277,9:31:20 AM
path9,73.13741433,33.63217959,9:31:40 AM
path9,73.13959847,33.63347399,9:32:00 AM
path9,73.14147053,33.63450917,9:32:20 AM
path9,73.14240786,33.63528482,9:32:40 AM
path9,73.14365837,33.63657819,9:33:00 AM
path9,73.1449073,33.63709439,9:33:20 AM
path9,73.14677971,33.63735051,9:33:40 AM
path9,73.14833641,33.63735279,9:34:00 AM
path9,73.14958153,33.63787403,9:34:20 AM
path9,73.15113685,33.63787686,9:34:40 AM
path9,73.1545614,33.6378789,9:35:00 AM
path9,73.15612267,33.63787465,9:35:20 AM
path9,73.15737184,33.63787125,9:35:40 AM
path9,73.16080312,33.63760602,9:36:00 AM
path9,73.16267289,33.63760482,9:36:20 AM
path9,73.16360472,33.63760693,9:36:40 AM
path9,73.16609069,33.63787082,9:37:00 AM
path9,73.16671336,33.63813049,9:37:20 AM
path9,73.16890306,33.63993912,9:37:40 AM
path9,73.17108476,33.64045744,9:38:00 AM
path9,73.17232962,33.64071729,9:38:20 AM
path9,73.17544556,33.64175364,9:38:40 AM
path9,73.17638501,33.64226921,9:39:00 AM
path10,73.14425184,33.58818872,9:45:00 AM
path10,73.14337421,33.58965014,9:45:20 AM
path10,73.14249374,33.59148875,9:45:40 AM
path10,73.14161274,33.59296022,9:46:00 AM
path10,73.14073388,33.59405707,9:46:20 AM
path10,73.13941444,33.59551665,9:46:40 AM
path10,73.13809132,33.59699294,9:47:00 AM
path10,73.13588753,33.59883068,9:47:20 AM
path10,73.13412417,33.59993267,9:47:40 AM
path10,73.13280279,33.60140009,9:48:00 AM
path10,73.13192265,33.60286679,9:48:20 AM
path10,73.13060157,33.6047008,9:48:40 AM
path10,73.12928139,33.60726785,9:49:00 AM
path10,73.1275184,33.60910283,9:49:20 AM
path10,73.12619557,33.61020441,9:49:40 AM
path10,73.12443316,33.61203338,9:50:00 AM
path10,73.12311017,33.61313349,9:50:20 AM
path10,73.12223067,33.61532831,9:50:40 AM
path10,73.12179078,33.61642603,9:51:00 AM
path10,73.12091014,33.61825651,9:51:20 AM
path10,73.12002909,33.62008879,9:51:40 AM
path10,73.1195892,33.62155417,9:52:00 AM
path10,73.12003333,33.62301725,9:52:20 AM
path10,73.12180238,33.62374812,9:52:40 AM
path10,73.12357156,33.62447933,9:53:00 AM
path10,73.12534034,33.62484407,9:53:20 AM
path10,73.12666626,33.62484379,9:53:40 AM
path10,73.12931868,33.62521002,9:54:00 AM
path10,73.13152993,33.62594318,9:54:20 AM
path10,73.13241617,33.6270436,9:54:40 AM
path10,73.13374534,33.62851091,9:55:00 AM
path10,73.13507477,33.62997846,9:55:20 AM
path10,73.13640354,33.63107912,9:55:40 AM
path10,73.13861493,33.63144533,9:56:00 AM
path10,73.14127245,33.63327953,9:56:20 AM
path10,73.14304221,33.63364551,9:56:40 AM
path10,73.14525829,33.63548034,9:57:00 AM
path10,73.14747058,33.63584601,9:57:20 AM
path10,73.14968397,33.63657912,9:57:40 AM
path10,73.15233682,33.63694649,9:58:00 AM
path10,73.15543281,33.63804954,9:58:20 AM
path10,73.15765169,33.63988431,9:58:40 AM
path10,73.15942178,33.64061813,9:59:00 AM
path10,73.16251853,33.64135202,9:59:20 AM
path10,73.16517443,33.64245377,9:59:40 AM
path10,73.166503,33.64318849,10:00:00 AM
path10,73.16871819,33.64465815,10:00:20 AM
path10,73.16915541,33.64318708,10:00:40 AM
path10,73.16782433,33.64171699,10:01:00 AM
path10,73.16649466,33.64061468,10:01:20 AM
path10,73.16515797,33.63878141,10:01:40 AM
path10,73.16427165,33.63841543,10:02:00 AM
path10,73.16294595,33.63841604,10:02:20 AM
path10,73.15985006,33.63768191,10:02:40 AM
path10,73.15675644,33.63731429,10:03:00 AM
path10,73.15454719,33.63731425,10:03:20 AM
path10,73.15322154,33.63731419,10:03:40 AM
path10,73.15145388,33.6373141,10:04:00 AM
path10,73.15012734,33.63694616,10:04:20 AM
path10,73.14747271,33.6365807,10:04:40 AM
path10,73.14614486,33.63621437,10:05:00 AM
path10,73.14437479,33.63584834,10:05:20 AM
path10,73.14216158,33.63511531,10:05:40 AM
path10,73.14083405,33.63474871,10:06:00 AM
path10,73.1386195,33.63328091,10:06:20 AM
path10,73.1377325,33.63217989,10:06:40 AM
path10,73.13640354,33.63107912,10:07:00 AM
path10,73.13463189,33.62961159,10:07:20 AM
path10,73.1328613,33.62851117,10:07:40 AM
path10,73.13109242,33.62814471,10:08:00 AM
path10,73.12932287,33.6274113,10:08:20 AM
path10,73.12755474,33.62741174,10:08:40 AM
path10,73.12622924,33.627779,10:09:00 AM
path10,73.12534512,33.62777919,10:09:20 AM
path10,73.12269225,33.62778234,10:09:40 AM
path10,73.12003947,33.62778575,10:10:00 AM
path10,73.11782935,33.62815548,10:10:20 AM
path10,73.1160621,33.62925852,10:10:40 AM
path10,73.11385189,33.62962818,10:11:00 AM
path10,73.11164195,33.63036644,10:11:20 AM
path10,73.11075826,33.63110167,10:11:40 AM
path10,73.11031725,33.63293562,10:12:00 AM
path10,73.10943432,33.63550664,10:12:20 AM
path10,73.10855041,33.63660926,10:12:40 AM
path10,73.10855077,33.63734375,10:13:00 AM
path10,73.10722508,33.64028382,10:13:20 AM
path10,73.10634092,33.64175462,10:13:40 AM
path10,73.10457172,33.64359306,10:14:00 AM
path10,73.10368684,33.64543054,10:14:20 AM
path10,73.10191658,33.64726908,10:14:40 AM
path10,73.10014606,33.64837302,10:15:00 AM
path10,73.0988178,33.64984447,10:15:20 AM
path10,73.09837488,33.65058016,10:15:40 AM
path10,73.0974886,33.65278731,10:16:00 AM
path10,73.09748811,33.65389088,10:16:20 AM
path10,73.09615881,33.65573125,10:16:40 AM
path10,73.09482914,33.65757205,10:17:00 AM
path10,73.0934997,33.65867706,10:17:20 AM
path10,73.09216911,33.6608867,10:17:40 AM
path10,73.09084006,33.66199281,10:18:00 AM
path10,73.08951033,33.66346688,10:18:20 AM
path10,73.08906694,33.66457261,10:18:40 AM
path10,73.08950912,33.66604636,10:19:00 AM
path10,73.09083748,33.6678886,10:19:20 AM
path10,73.09172338,33.66899402,10:19:40 AM
path10,73.09305253,33.67009932,10:20:00 AM
path10,73.0943818,33.67194217,10:20:20 AM
path10,73.09571135,33.67341656,10:20:40 AM
path10,73.09615458,33.67452275,10:21:00 AM
path10,73.09704119,33.67636654,10:21:20 AM
path10,73.09748459,33.67784189,10:21:40 AM
path10,73.09792797,33.67821061,10:22:00 AM
path10,73.09792806,33.67968639,10:22:20 AM
path10,73.09837161,33.68116216,10:22:40 AM
path10,73.09925883,33.68374511,10:23:00 AM
path10,73.10014675,33.68522087,10:23:20 AM
path10,73.10236464,33.68817373,10:23:40 AM
path10,73.10369653,33.69038887,10:24:00 AM
path10,73.10502825,33.69223515,10:24:20 AM
path10,73.10591671,33.69445127,10:24:40 AM
path10,73.10636103,33.69555949,10:25:00 AM
path10,73.10636245,33.69851528,10:25:20 AM
path10,73.10636297,33.69962386,10:25:40 AM
path10,73.10636422,33.7022109,10:26:00 AM
path10,73.10636546,33.70479841,10:26:20 AM
path10,73.10636665,33.70701638,10:26:40 AM
path10,73.10681155,33.7084951,10:27:00 AM
path10,73.1068126,33.7103435,10:27:20 AM
path10,73.10548049,33.71071273,10:27:40 AM
path10,73.1028165,33.71182124,10:28:00 AM
path10,73.10059506,33.71219358,10:28:20 AM
path10,73.09881773,33.71256542,10:28:40 AM
path10,73.09748455,33.71256696,10:29:00 AM
path10,73.09526378,33.71145775,10:29:20 AM
path10,73.09348769,33.71071784,10:29:40 AM
path10,73.0912673,33.70850002,10:30:00 AM
path10,73.09082332,33.70813039,10:30:20 AM
path10,73.08949126,33.70554351,10:30:40 AM
path10,73.0881605,33.70443394,10:31:00 AM
path10,73.08638634,33.70332437,10:31:20 AM
path10,73.08461235,33.70258454,10:31:40 AM
path10,73.08239545,33.70147513,10:32:00 AM
path10,73.08106647,33.69962734,10:32:20 AM
path10,73.07973733,33.69851871,10:32:40 AM
path10,73.077963,33.69778036,10:33:00 AM
path10,73.07663239,33.6974112,10:33:20 AM
path10,73.07441484,33.69667286,10:33:40 AM
path10,73.07131063,33.69556545,10:34:00 AM
path10,73.07086719,33.69556541,10:34:20 AM
path10,73.06865026,33.69371985,10:34:40 AM
path10,73.06687695,33.69224348,10:35:00 AM
path10,73.06554704,33.69150536,10:35:20 AM
path10,73.06332815,33.69076781,10:35:40 AM
path10,73.06066237,33.68966177,10:36:00 AM
path10,73.05623273,33.68781595,10:36:20 AM
path10,73.05490298,33.68707791,10:36:40 AM
path10,73.05268489,33.68707813,10:37:00 AM
path10,73.05046807,33.68634014,10:37:20 AM
path10,73.0491392,33.68523302,10:37:40 AM
path10,73.04736786,33.68375696,10:38:00 AM
path10,73.04604135,33.68228095,10:38:20 AM
path10,73.04471397,33.68117404,10:38:40 AM
path10,73.04294216,33.68043616,10:39:00 AM
path10,73.04072588,33.6800672,10:39:20 AM
path10,73.03807113,33.67932923,10:39:40 AM
path10,73.03630035,33.67896035,10:40:00 AM
path10,73.03541544,33.67859145,10:40:20 AM
path10,73.03275762,33.67822242,10:40:40 AM
path10,73.03054182,33.67822224,10:41:00 AM
path10,73.02699631,33.67859067,10:41:20 AM
path10,73.02566405,33.67932818,10:41:40 AM
path10,73.02477469,33.68006577,10:42:00 AM
path10,73.02299405,33.68190999,10:42:20 AM
path10,73.02165613,33.68375454,10:42:40 AM
path10,73.02076286,33.68559935,10:43:00 AM
path10,73.0198712,33.68707529,10:43:20 AM
path10,73.01942119,33.68892062,10:43:40 AM
path10,73.01853486,33.68892035,10:44:00 AM
path10,73.01676691,33.68781252,10:44:20 AM
path10,73.01455366,33.6870738,10:44:40 AM
path10,73.01277944,33.68707336,10:45:00 AM
path10,73.01057338,33.68633419,10:45:20 AM
path10,73.00880328,33.68596457,10:45:40 AM
path10,73.0070333,33.68559499,10:46:00 AM
path10,73.00438046,33.68448722,10:46:20 AM
path10,73.00261209,33.68374876,10:46:40 AM
path10,73.00084522,33.68264149,10:47:00 AM
path10,72.99995728,33.68337885,10:47:20 AM
path10,72.99862539,33.68448488,10:47:40 AM
path10,72.99728926,33.68669764,10:48:00 AM
path10,72.99683975,33.68854205,10:48:20 AM
path10,72.99594745,33.6903864,10:48:40 AM
path10,72.99594056,33.69223138,10:49:00 AM
path10,72.99593493,33.69370749,10:49:20 AM
path10,72.99592097,33.69555379,10:49:40 AM
path10,72.99723597,33.69703228,10:50:00 AM
path10,72.99900166,33.69740327,10:50:20 AM
path10,72.9994438,33.69740366,10:50:40 AM
path10,73.00474274,33.69851677,10:51:00 AM
path10,73.00650954,33.6996261,10:51:20 AM
path10,73.0073969,33.69999551,10:51:40 AM
path10,73.01005764,33.70147312,10:52:00 AM
path10,73.01316296,33.70295068,10:52:20 AM
path10,73.01449348,33.70368946,10:52:40 AM
path10,73.01626403,33.70479844,10:53:00 AM
path10,73.01758983,33.70590771,10:53:20 AM
path10,73.01847555,33.70627763,10:53:40 AM
path10,73.02024777,33.70701731,10:54:00 AM
path10,73.02335015,33.7077578,10:54:20 AM
path10,73.02423602,33.708497,10:54:40 AM
path10,73.02645144,33.7099757,10:55:00 AM
path10,73.02823029,33.7099749,10:55:20 AM
path10,73.03045237,33.70923597,10:55:40 AM
path10,73.03133962,33.70739026,10:56:00 AM
path10,73.03267289,33.70554385,10:56:20 AM
path10,73.03356518,33.70406573,10:56:40 AM
path10,73.03356961,33.70221849,10:57:00 AM
path10,73.03401831,33.70037138,10:57:20 AM
path10,73.03490944,33.69926311,10:57:40 AM
path10,73.03580047,33.69815492,10:58:00 AM
path10,73.03713308,33.6981547,10:58:20 AM
path10,73.03979683,33.69778542,10:58:40 AM
path10,73.04157213,33.69778543,10:59:00 AM
path10,73.04378901,33.69889338,10:59:20 AM
path10,73.04511912,33.69963202,10:59:40 AM
path10,73.04689244,33.70074003,11:00:00 AM
path10,73.04822204,33.70184812,11:00:20 AM
path10,73.05043829,33.70369503,11:00:40 AM
path10,73.05221212,33.70480323,11:01:00 AM
path10,73.05398534,33.70628102,11:01:20 AM
path10,73.05575948,33.70702008,11:01:40 AM
path10,73.05797695,33.70812879,11:02:00 AM
path10,73.06019012,33.70960941,11:02:20 AM
path10,73.0619569,33.7114616,11:02:40 AM
path10,73.06328492,33.71257252,11:03:00 AM
path10,73.06506545,33.71367791,11:03:20 AM
path10,73.06773607,33.71478136,11:03:40 AM
path10,73.07084656,33.71588746,11:04:00 AM
path10,73.07173343,33.71699671,11:04:20 AM
path10,73.07084191,33.71884706,11:04:40 AM
path10,73.06862009,33.71884837,11:05:00 AM
path10,73.06728565,33.71958919,11:05:20 AM
path10,73.06683925,33.72069962,11:05:40 AM
path10,73.0659456,33.72329098,11:06:00 AM
path10,73.06549692,33.72551246,11:06:20 AM
path10,73.06504884,33.72847294,11:06:40 AM
path10,73.06594007,33.72920952,11:07:00 AM
path10,73.06816786,33.73105064,11:07:20 AM
path10,73.07128239,33.73215379,11:07:40 AM
path10,73.0748409,33.73325636,11:08:00 AM
path10,73.0761768,33.73436037,11:08:20 AM
path10,73.07883734,33.73584629,11:08:40 AM
path10,73.08105357,33.7365947,11:09:00 AM
path10,73.08371947,33.73659508,11:09:20 AM
path10,73.08549658,33.73585605,11:09:40 AM
path10,73.08682914,33.73437761,11:10:00 AM
path10,73.08816153,33.73252951,11:10:20 AM
path10,73.08904966,33.73105102,11:10:40 AM
path10,73.09082668,33.73031185,11:11:00 AM
path10,73.09349188,33.72846374,11:11:20 AM
path10,73.09482465,33.72698419,11:11:40 AM
path10,73.09615753,33.72624423,11:12:00 AM
path10,73.0974902,33.72476435,11:12:20 AM
path10,73.09882294,33.7240244,11:12:40 AM
path10,73.10059904,33.72291705,11:13:00 AM
path10,73.10193165,33.72143686,11:13:20 AM
path10,73.1032644,33.72032561,11:13:40 AM
path10,73.10415194,33.71847699,11:14:00 AM
path10,73.10592816,33.71736852,11:14:20 AM
